{"global_step": 1387492, "_timestamp": 1659864838.8281891, "_runtime": 18315, "_step": 1223486, "episode_reward": 7.002933502197266, "loss/policy_loss": -0.02445407770574093, "loss/qf1_loss": 9.377655806019902e-05, "loss/qf2_loss": 9.83664212981239e-05, "loss/value_loss": 7.70414262660779e-05, "loss/entropy": 6.571606159210205, "loss/learning_rate": 9.999999747378752e-05, "Success Rate": 3.7916537862611084, "Mean 100 Episode Reward": 3.8}