{"global_step": 7579, "_timestamp": 1659711093.3568225, "_runtime": 123, "_step": 6279, "episode_reward": 9.82091236114502, "loss/policy_loss": -1.171553134918213, "loss/qf1_loss": 0.000623096595518291, "loss/qf2_loss": 0.0005304349469952285, "loss/value_loss": 0.00034193714964203537, "loss/entropy": 2.075575590133667, "loss/learning_rate": 9.999999747378752e-05, "Success Rate": 5.698703240595695, "Mean 100 Episode Reward": 6.4}