{"global_step": 1999966, "_timestamp": 1659809827.5769012, "_runtime": 13742, "_step": 924388, "loss/policy_loss": -0.04216406121850014, "loss/qf1_loss": 0.00011274344433331862, "loss/qf2_loss": 0.0001042689400492236, "loss/value_loss": 0.00012557939044199884, "loss/entropy": 7.861019134521484, "loss/learning_rate": 9.999999747378752e-05, "episode_reward": 3.77354097366333, "Success Rate": 3.5489091497585963, "Mean 100 Episode Reward": 3.6}