{"global_step": 18061, "_timestamp": 1659709014.537604, "_runtime": 231, "_step": 15852, "episode_reward": 1.3185471296310425, "loss/policy_loss": -0.20197460055351257, "loss/qf1_loss": 0.0009441340807825327, "loss/qf2_loss": 0.00086400774307549, "loss/value_loss": 0.0012941914610564709, "loss/entropy": 2.2880263328552246, "loss/learning_rate": 9.999999747378752e-05, "Success Rate": 5.017873485737622, "Mean 100 Episode Reward": 5.3, "_wandb": {"runtime": 347}}