{"global_step": 15480, "_timestamp": 1659711632.4772556, "_runtime": 221, "_step": 13225, "episode_reward": 2.292853832244873, "loss/policy_loss": 0.1585102677345276, "loss/qf1_loss": 0.0006059606675989926, "loss/qf2_loss": 0.0005612845998257399, "loss/value_loss": 0.0003695845080073923, "loss/entropy": 0.44662630558013916, "loss/learning_rate": 9.999999747378752e-05, "Success Rate": 4.458661704052023, "Mean 100 Episode Reward": 4.7}