{"global_step": 65492, "_timestamp": 1659710725.827545, "_runtime": 842, "_step": 61283, "episode_reward": 2.304966449737549, "loss/policy_loss": -0.3395339548587799, "loss/qf1_loss": 0.0013478125911206007, "loss/qf2_loss": 0.0012685726396739483, "loss/value_loss": 0.00041622345452196896, "loss/entropy": 3.3071701526641846, "loss/learning_rate": 9.999999747378752e-05, "Success Rate": 2.683576596273887, "Mean 100 Episode Reward": 2.7, "_wandb": {"runtime": 841}}