{
    "P0": {
        "mean_full_integrated_fractional_success": 0.024257866202918858,
        "std_full_integrated_fractional_success": 0.0,
        "mean_last_integrated_fractional_success": 0.07383615013458067,
        "std_last_integrated_fractional_success": 0.0,
        "mean_last_fractional_success": 0.07769633864608994,
        "std_last_fractional_success": 2.7755575615628914e-17,
        "total_intervention_steps": 200,
        "total_interventions": 0,
        "total_timesteps": 165966,
        "total_resets": 199
    },
    "P1": {
        "mean_full_integrated_fractional_success": 0.036480960690051266,
        "std_full_integrated_fractional_success": 0.10185303130632178,
        "mean_last_integrated_fractional_success": 0.059954265603063245,
        "std_last_integrated_fractional_success": 0.16892217525135655,
        "mean_last_fractional_success": 0.06452161492916347,
        "std_last_fractional_success": 0.18191903657994765,
        "total_intervention_steps": 400,
        "total_interventions": 200,
        "total_timesteps": 332766,
        "total_resets": 399
    },
    "P2": {
        "mean_full_integrated_fractional_success": 0.004612909677772373,
        "std_full_integrated_fractional_success": 0.033395535444290754,
        "mean_last_integrated_fractional_success": 0.013422041434954674,
        "std_last_integrated_fractional_success": 0.07435522937057418,
        "mean_last_fractional_success": 0.014715782829807051,
        "std_last_fractional_success": 0.07988290717493267,
        "total_intervention_steps": 600,
        "total_interventions": 400,
        "total_timesteps": 499566,
        "total_resets": 599
    },
    "P3": {
        "mean_full_integrated_fractional_success": 0.08616475456208178,
        "std_full_integrated_fractional_success": 0.1691855041357187,
        "mean_last_integrated_fractional_success": 0.10331034171786181,
        "std_last_integrated_fractional_success": 0.20804468059786738,
        "mean_last_fractional_success": 0.10879076380978761,
        "std_last_fractional_success": 0.2208736414183078,
        "total_intervention_steps": 800,
        "total_interventions": 600,
        "total_timesteps": 666366,
        "total_resets": 799
    },
    "P4": {
        "mean_full_integrated_fractional_success": 0.49531153374255865,
        "std_full_integrated_fractional_success": 0.20762311476978199,
        "mean_last_integrated_fractional_success": 0.5004738721176504,
        "std_last_integrated_fractional_success": 0.23539311196051782,
        "mean_last_fractional_success": 0.5257809068926691,
        "std_last_fractional_success": 0.2562225943920934,
        "total_intervention_steps": 1000,
        "total_interventions": 800,
        "total_timesteps": 833166,
        "total_resets": 999
    },
    "P5": {
        "mean_full_integrated_fractional_success": 0.36412540916262803,
        "std_full_integrated_fractional_success": 0.25541517329206376,
        "mean_last_integrated_fractional_success": 0.3874941324856215,
        "std_last_integrated_fractional_success": 0.2849408818152614,
        "mean_last_fractional_success": 0.40173010777118234,
        "std_last_fractional_success": 0.29512379486862744,
        "total_intervention_steps": 1200,
        "total_interventions": 1000,
        "total_timesteps": 999966,
        "total_resets": 1199
    },
    "P6": {
        "mean_full_integrated_fractional_success": 0.2771228949302131,
        "std_full_integrated_fractional_success": 0.23336471170296116,
        "mean_last_integrated_fractional_success": 0.308569188867862,
        "std_last_integrated_fractional_success": 0.28624596845723344,
        "mean_last_fractional_success": 0.3191179800357408,
        "std_last_fractional_success": 0.29775184924194953,
        "total_intervention_steps": 1423,
        "total_interventions": 1446,
        "total_timesteps": 1166766,
        "total_resets": 1399
    },
    "P7": {
        "mean_full_integrated_fractional_success": 0.4716943254450605,
        "std_full_integrated_fractional_success": 0.26067084210705416,
        "mean_last_integrated_fractional_success": 0.4801013722960593,
        "std_last_integrated_fractional_success": 0.27847438257263935,
        "mean_last_fractional_success": 0.4993857857682798,
        "std_last_fractional_success": 0.2855980681381528,
        "total_intervention_steps": 1623,
        "total_interventions": 1846,
        "total_timesteps": 1333566,
        "total_resets": 1599
    },
    "P8": {
        "mean_full_integrated_fractional_success": 0.24181429841769245,
        "std_full_integrated_fractional_success": 0.23893467024716813,
        "mean_last_integrated_fractional_success": 0.25708696561154226,
        "std_last_integrated_fractional_success": 0.26203521865375395,
        "mean_last_fractional_success": 0.26408646136322855,
        "std_last_fractional_success": 0.27328310924272364,
        "total_intervention_steps": 1837,
        "total_interventions": 2274,
        "total_timesteps": 1500366,
        "total_resets": 1799
    },
    "P9": {
        "mean_full_integrated_fractional_success": 0.20249823658503152,
        "std_full_integrated_fractional_success": 0.24115962898616788,
        "mean_last_integrated_fractional_success": 0.22825542418457254,
        "std_last_integrated_fractional_success": 0.2757882202042142,
        "mean_last_fractional_success": 0.2356987124581976,
        "std_last_fractional_success": 0.28448925606141856,
        "total_intervention_steps": 2054,
        "total_interventions": 2925,
        "total_timesteps": 1667166,
        "total_resets": 1999
    },
    "P10": {
        "mean_full_integrated_fractional_success": 0.2996620269252894,
        "std_full_integrated_fractional_success": 0.24496493447031875,
        "mean_last_integrated_fractional_success": 0.3308598754609986,
        "std_last_integrated_fractional_success": 0.2656957347312194,
        "mean_last_fractional_success": 0.3439690299837073,
        "std_last_fractional_success": 0.2781623464639401,
        "total_intervention_steps": 2254,
        "total_interventions": 6525,
        "total_timesteps": 1833966,
        "total_resets": 2199
    },
    "P11": {
        "mean_full_integrated_fractional_success": 0.09621018420728206,
        "std_full_integrated_fractional_success": 0.16365078821066606,
        "mean_last_integrated_fractional_success": 0.10625271229607514,
        "std_last_integrated_fractional_success": 0.1813409216277678,
        "mean_last_fractional_success": 0.11008549889487199,
        "std_last_fractional_success": 0.18682922894368206,
        "total_intervention_steps": 2459,
        "total_interventions": 10215,
        "total_timesteps": 2000766,
        "total_resets": 2399
    }
}