{"global_step": 39711, "_timestamp": 1659709669.846089, "_runtime": 511, "_step": 34996, "episode_reward": 1.4263166189193726, "loss/policy_loss": -0.4189379811286926, "loss/qf1_loss": 0.001443306915462017, "loss/qf2_loss": 0.0012478342978283763, "loss/value_loss": 0.0008094562217593193, "loss/entropy": -0.34637537598609924, "loss/learning_rate": 9.999999747378752e-05, "Success Rate": 3.245819404783623, "Mean 100 Episode Reward": 3.3}