{"global_step": 7858, "_timestamp": 1659708566.1912844, "_runtime": 102, "_step": 6650, "episode_reward": 2.5950450897216797, "loss/policy_loss": -0.4364572763442993, "loss/qf1_loss": 0.0007986692944541574, "loss/qf2_loss": 0.0009444233146496117, "loss/value_loss": 0.0004251894715707749, "loss/entropy": -0.18356971442699432, "loss/learning_rate": 9.999999747378752e-05, "Success Rate": 3.607800341353704, "Mean 100 Episode Reward": 4.1}