{"global_step": 999998, "_timestamp": 1659794740.4843457, "_runtime": 14211, "_step": 936202, "episode_reward": 2.1656148433685303, "loss/policy_loss": -0.002035480225458741, "loss/qf1_loss": 0.00012438910198397934, "loss/qf2_loss": 0.00015193964645732194, "loss/value_loss": 8.109037298709154e-05, "loss/entropy": 7.293154716491699, "loss/learning_rate": 9.999999747378752e-05, "Success Rate": 3.40737505723089, "Mean 100 Episode Reward": 3.4}