{"global_step": 60121, "_timestamp": 1659846321.1355813, "_runtime": 777, "_step": 53425, "episode_reward": 1.896846055984497, "loss/policy_loss": -0.4115715026855469, "loss/qf1_loss": 0.0008122981525957584, "loss/qf2_loss": 0.00094738753978163, "loss/value_loss": 0.0013599651865661144, "loss/entropy": 2.1012744903564453, "loss/learning_rate": 9.999999747378752e-05, "Success Rate": 1.3689341091111393, "Mean 100 Episode Reward": 1.4, "_wandb": {"runtime": 775}}