{
    "P0": {
        "mean_full_integrated_fractional_success": 0.01663915336304953,
        "std_full_integrated_fractional_success": 3.469446951953614e-18,
        "mean_last_integrated_fractional_success": 0.03187834525413085,
        "std_last_integrated_fractional_success": 0.0,
        "mean_last_fractional_success": 0.0335597437900351,
        "std_last_fractional_success": 6.938893903907228e-18,
        "total_intervention_steps": 200,
        "total_interventions": 0,
        "total_timesteps": 165966,
        "total_resets": 199
    },
    "P1": {
        "mean_full_integrated_fractional_success": 0.16851880507826592,
        "std_full_integrated_fractional_success": 0.17061566888502852,
        "mean_last_integrated_fractional_success": 0.21451730940896657,
        "std_last_integrated_fractional_success": 0.21629323942446432,
        "mean_last_fractional_success": 0.22242047568995665,
        "std_last_fractional_success": 0.2220026387329429,
        "total_intervention_steps": 400,
        "total_interventions": 200,
        "total_timesteps": 332766,
        "total_resets": 399
    },
    "P2": {
        "mean_full_integrated_fractional_success": 0.3885962118433444,
        "std_full_integrated_fractional_success": 0.13525335027001886,
        "mean_last_integrated_fractional_success": 0.4645387088856539,
        "std_last_integrated_fractional_success": 0.14399834005406237,
        "mean_last_fractional_success": 0.48864870263381266,
        "std_last_fractional_success": 0.15405525698018976,
        "total_intervention_steps": 600,
        "total_interventions": 400,
        "total_timesteps": 499566,
        "total_resets": 599
    },
    "P3": {
        "mean_full_integrated_fractional_success": 0.11989049219860082,
        "std_full_integrated_fractional_success": 0.17751298099312018,
        "mean_last_integrated_fractional_success": 0.15137971817680085,
        "std_last_integrated_fractional_success": 0.2123623073505796,
        "mean_last_fractional_success": 0.16439817581243468,
        "std_last_fractional_success": 0.23066687873966282,
        "total_intervention_steps": 800,
        "total_interventions": 600,
        "total_timesteps": 666366,
        "total_resets": 799
    },
    "P4": {
        "mean_full_integrated_fractional_success": 0.40336743530408553,
        "std_full_integrated_fractional_success": 0.11818515237655791,
        "mean_last_integrated_fractional_success": 0.3698505517762203,
        "std_last_integrated_fractional_success": 0.1459098175545746,
        "mean_last_fractional_success": 0.3839861998925474,
        "std_last_fractional_success": 0.15800377501914142,
        "total_intervention_steps": 1000,
        "total_interventions": 800,
        "total_timesteps": 833166,
        "total_resets": 999
    },
    "P5": {
        "mean_full_integrated_fractional_success": 0.09748405537760578,
        "std_full_integrated_fractional_success": 0.12675349539313735,
        "mean_last_integrated_fractional_success": 0.0809986401172242,
        "std_last_integrated_fractional_success": 0.17376885805995682,
        "mean_last_fractional_success": 0.08815947623777881,
        "std_last_fractional_success": 0.19377570445693496,
        "total_intervention_steps": 1200,
        "total_interventions": 1000,
        "total_timesteps": 999966,
        "total_resets": 1199
    },
    "P6": {
        "mean_full_integrated_fractional_success": 0.07917688117789866,
        "std_full_integrated_fractional_success": 0.1687837473485727,
        "mean_last_integrated_fractional_success": 0.08500108066527876,
        "std_last_integrated_fractional_success": 0.19483392763173618,
        "mean_last_fractional_success": 0.08503850303131623,
        "std_last_fractional_success": 0.2046694658626723,
        "total_intervention_steps": 1423,
        "total_interventions": 1446,
        "total_timesteps": 1166766,
        "total_resets": 1399
    },
    "P7": {
        "mean_full_integrated_fractional_success": 0.07370636540109318,
        "std_full_integrated_fractional_success": 0.15738368012931714,
        "mean_last_integrated_fractional_success": 0.0650652286467845,
        "std_last_integrated_fractional_success": 0.15142545505004867,
        "mean_last_fractional_success": 0.05995588698334485,
        "std_last_fractional_success": 0.16122613896579657,
        "total_intervention_steps": 1623,
        "total_interventions": 1846,
        "total_timesteps": 1333566,
        "total_resets": 1599
    },
    "P8": {
        "mean_full_integrated_fractional_success": 0.05877177511138366,
        "std_full_integrated_fractional_success": 0.15172810887567675,
        "mean_last_integrated_fractional_success": 0.06000942208216901,
        "std_last_integrated_fractional_success": 0.17173882429244205,
        "mean_last_fractional_success": 0.05821107874512364,
        "std_last_fractional_success": 0.17975844868272103,
        "total_intervention_steps": 1837,
        "total_interventions": 2274,
        "total_timesteps": 1500366,
        "total_resets": 1799
    },
    "P9": {
        "mean_full_integrated_fractional_success": 0.046089867742478016,
        "std_full_integrated_fractional_success": 0.15617827112981364,
        "mean_last_integrated_fractional_success": 0.050418591066093886,
        "std_last_integrated_fractional_success": 0.16592173434338126,
        "mean_last_fractional_success": 0.05076802277093021,
        "std_last_fractional_success": 0.1761041350796176,
        "total_intervention_steps": 2054,
        "total_interventions": 2925,
        "total_timesteps": 1667166,
        "total_resets": 1999
    },
    "P10": {
        "mean_full_integrated_fractional_success": 0.12328358230381835,
        "std_full_integrated_fractional_success": 0.1511662488224695,
        "mean_last_integrated_fractional_success": 0.11318275448916787,
        "std_last_integrated_fractional_success": 0.14903339615138844,
        "mean_last_fractional_success": 0.11366974623895246,
        "std_last_fractional_success": 0.1627369757704206,
        "total_intervention_steps": 2254,
        "total_interventions": 6525,
        "total_timesteps": 1833966,
        "total_resets": 2199
    },
    "P11": {
        "mean_full_integrated_fractional_success": 0.23980882459639788,
        "std_full_integrated_fractional_success": 0.23609295211326828,
        "mean_last_integrated_fractional_success": 0.2654646623135694,
        "std_last_integrated_fractional_success": 0.24825560248724474,
        "mean_last_fractional_success": 0.2769020782791188,
        "std_last_fractional_success": 0.26221845972251573,
        "total_intervention_steps": 2459,
        "total_interventions": 10215,
        "total_timesteps": 2000766,
        "total_resets": 2399
    }
}