{"global_step": 13280, "_timestamp": 1659796060.460601, "_runtime": 234, "_step": 11083, "episode_reward": 1.1167569160461426, "loss/policy_loss": -1.0001896619796753, "loss/qf1_loss": 0.0012452990049496293, "loss/qf2_loss": 0.0012139144819229841, "loss/value_loss": 0.00038231356302276254, "loss/entropy": -1.8009984493255615, "loss/learning_rate": 9.999999747378752e-05, "Success Rate": 4.838557179556439, "Mean 100 Episode Reward": 5.2}