{"global_step": 999998, "_timestamp": 1659724925.8822186, "_runtime": 13051, "_step": 937871, "episode_reward": 6.9580583572387695, "loss/policy_loss": -0.008492578752338886, "loss/qf1_loss": 0.00011020198871847242, "loss/qf2_loss": 0.00012918357970193028, "loss/value_loss": 0.00011029039160348475, "loss/entropy": 6.437592506408691, "loss/learning_rate": 9.999999747378752e-05, "Success Rate": 4.155575857440344, "Mean 100 Episode Reward": 4.2}