{"global_step": 999999, "_timestamp": 1659744162.9653294, "_runtime": 12657, "_step": 860583, "episode_reward": 1.7208412885665894, "loss/policy_loss": -0.017873145639896393, "loss/qf1_loss": 0.00015135067224036902, "loss/qf2_loss": 0.00015125895151868463, "loss/value_loss": 6.22467850917019e-05, "loss/entropy": 7.084613800048828, "loss/learning_rate": 9.999999747378752e-05, "Success Rate": 3.726538855326908, "Mean 100 Episode Reward": 3.7, "_wandb": {"runtime": 12601}}