{"global_step": 7384, "_timestamp": 1659711798.5263588, "_runtime": 112, "_step": 6062, "episode_reward": 9.195667266845703, "loss/policy_loss": -1.0627695322036743, "loss/qf1_loss": 0.0006618510815314949, "loss/qf2_loss": 0.0005425696144811809, "loss/value_loss": 0.00041509748552925885, "loss/entropy": 2.1521687507629395, "loss/learning_rate": 9.999999747378752e-05, "Success Rate": 5.689696393174401, "Mean 100 Episode Reward": 6.4}